geo\time;ISSO;2016
Belgium;BEL;-0.79999
Bulgaria;BGR;1.30001
Czechia;CHE;0.70001
Denmark;DNK;8.40001
Germany;DEU;8.00001
Estonia;EST;1.50001
Ireland;IRL;0.40001
Greece;GRC;-1.39999
Spain;ESP;1.50001
France;FRA;-0.69999
Croatia;HRV;3.00001
Italy;ITA;1.90001
Cyprus;CYP;-3.59999
Latvia;LVA;-0.19999
Lithuania;LTU;0.00001
Luxembourg;LUX;5.10001
Hungary;HUN;3.40001
Malta;MLT;4.10001
Netherlands;NLD;7.60001
Austria;AUT;2.20001
Poland;POL;-1.09999
Portugal;PRT;0.30001
Romania;ROU;-1.29999
Slovenia;SVN;5.30001
Slovakia;SVK;-0.89999
Finland;FIN;-1.09999
Sweden;SWE;4.20001
United Kingdom;GBR;-4.99999
