geo\time;ISSO;2009
Belgium;BEL;0.00001
Bulgaria;BGR;-18.09999
Czechia;CHE;-2.89999
Denmark;DNK;2.60001
Germany;DEU;6.10001
Estonia;EST;-7.09999
Ireland;IRL;-5.79999
Greece;GRC;-14.19999
Spain;ESP;-7.69999
France;FRA;-0.39999
Croatia;HRV;-7.19999
Italy;ITA;-1.99999
Cyprus;CYP;-11.69999
Latvia;LVA;-8.39999
Lithuania;LTU;-9.19999
Luxembourg;LUX;8.20001
Hungary;HUN;-4.89999
Malta;MLT;-4.29999
Netherlands;NLD;5.80001
Austria;AUT;3.60001
Poland;POL;-5.69999
Portugal;PRT;-10.79999
Romania;ROU;-9.89999
Slovenia;SVN;-3.29999
Slovakia;SVK;-5.29999
Finland;FIN;2.50001
Sweden;SWE;7.30001
United Kingdom;GBR;-3.79999
