geo\time;ISSO;2008
Belgium;BEL;1.00001
Bulgaria;BGR;-20.99999
Czechia;CHE;-2.99999
Denmark;DNK;2.60001
Germany;DEU;6.10001
Estonia;EST;-12.89999
Ireland;IRL;-5.99999
Greece;GRC;-13.89999
Spain;ESP;-9.29999
France;FRA;-0.19999
Croatia;HRV;-7.59999
Italy;ITA;-1.89999
Cyprus;CYP;-11.79999
Latvia;LVA;-17.89999
Lithuania;LTU;-13.29999
Luxembourg;LUX;9.10001
Hungary;HUN;-6.99999
Malta;MLT;-3.59999
Netherlands;NLD;7.00001
Austria;AUT;3.90001
Poland;POL;-5.69999
Portugal;PRT;-10.79999
Romania;ROU;-11.79999
Slovenia;SVN;-3.79999
Slovakia;SVK;-7.29999
Finland;FIN;3.20001
Sweden;SWE;8.10001
United Kingdom;GBR;-3.59999
