geo\time;ISSO;2013
Belgium;BEL;-0.49999
Bulgaria;BGR;0.30001
Czechia;CHE;-1.39999
Denmark;DNK;6.90001
Germany;DEU;6.60001
Estonia;EST;0.00001
Ireland;IRL;-1.19999
Greece;GRC;-5.29999
Spain;ESP;-0.59999
France;FRA;-0.79999
Croatia;HRV;0.00001
Italy;ITA;-0.79999
Cyprus;CYP;-4.99999
Latvia;LVA;-3.19999
Lithuania;LTU;-1.69999
Luxembourg;LUX;5.70001
Hungary;HUN;2.10001
Malta;MLT;-0.79999
Netherlands;NLD;9.50001
Austria;AUT;1.70001
Poland;POL;-3.39999
Portugal;PRT;-2.09999
Romania;ROU;-3.59999
Slovenia;SVN;2.20001
Slovakia;SVK;-0.69999
Finland;FIN;-2.09999
Sweden;SWE;5.50001
United Kingdom;GBR;-3.59999
