geo\time;ISSO;2017
Belgium;BEL;-0.29999
Bulgaria;BGR;3.00001
Czechia;CHE;1.00001
Denmark;DNK;8.00001
Germany;DEU;8.30001
Estonia;EST;2.30001
Ireland;IRL;2.90001
Greece;GRC;-1.39999
Spain;ESP;1.80001
France;FRA;-0.59999
Croatia;HRV;3.60001
Italy;ITA;2.20001
Cyprus;CYP;-4.99999
Latvia;LVA;0.60001
Lithuania;LTU;-0.69999
Luxembourg;LUX;5.00001
Hungary;HUN;4.00001
Malta;MLT;5.70001
Netherlands;NLD;8.30001
Austria;AUT;2.10001
Poland;POL;-0.29999
Portugal;PRT;0.40001
Romania;ROU;-2.19999
Slovenia;SVN;5.70001
Slovakia;SVK;-1.99999
Finland;FIN;-0.69999
Sweden;SWE;3.70001
United Kingdom;GBR;-4.49999
