YEAR;Service;Credit;Debit;Weight
2007;Manufacturing services ;387.63;32.35;0.0229494783482864
2007;Maintenance and repair services;432.53;165.76;0.0256077648014455
2007;Transport;4048.66;2495.89;0.239699288005504
2007;Travel;7402.10;2868.69;0.438238355343629
2007;Construction;620.24;124.04;0.0367210599043964
2007;Insurance and pension services;99.38;195.71;0.00588375295578956
2007;Financial services;460.38;702.53;0.027256612857581
2007;Intellectual property;63.83;350.44;0.00377902949454666
2007;Telecommunications and computers;763.25;765.06;0.0451879094738014
2007;Other business services;2256.94;1553.54;0.133621225558862
2007;Personal, cultural and recreational;188.66;352.07;0.0111695394711135
2007;Government;166.99;190.29;0.00988657583102534
