YEAR;Service;Credit;Debit;Weight
2018;Manufacturing services ;245.12;7.45;0.00760096897470023
2018;Maintenance and repair services;673.20;408.68;0.0208753766064303
2018;Transport;6910.59;3897.56;0.214291694626606
2018;Travel;16613.99;4704.37;0.515186123270153
2018;Construction;587.01;120.94;0.0182026958136373
2018;Insurance and pension services;145.33;413.07;0.00450656340197938
2018;Financial services;378.92;475.04;0.0117499965889908
2018;Intellectual property;109.86;696.75;0.00340666796491746
2018;Telecommunications and computers;1617.51;980.99;0.050157650645673
2018;Other business services;4597.49;3428.02;0.142564371946371
2018;Personal, cultural and recreational;230.29;244.43;0.00714110290952887
2018;Government;139.22;153.13;0.00431709734276178
