YEAR;Service;Credit;Debit;Weight
2013;Manufacturing services ;410.23;40.25;0.0185531249010678
2013;Maintenance and repair services;489.24;237.80;0.0221264432796197
2013;Transport;5574.71;3087.93;0.252122689508889
2013;Travel;9249.61;3119.69;0.418324280564965
2013;Construction;645.01;127.93;0.0291713211916187
2013;Insurance and pension services;98.55;291.24;0.00445703741559669
2013;Financial services;368.90;495.79;0.0166839279818734
2013;Intellectual property;34.02;389.65;0.0015385937379868
2013;Telecommunications and computers;976.57;804.16;0.0441665046062837
2013;Other business services;3726.66;1852.62;0.168542496755024
2013;Personal, cultural and recreational;300.76;413.80;0.0136022178905618
2013;Government;236.83;67.45;0.0107109099049799
