YEAR;Service;Credit;Debit;Weight
2008;Manufacturing services ;297.86;31.68;0.0168588516895359
2008;Maintenance and repair services;500.14;218.36;0.0283078831800325
2008;Transport;4465.42;2631.50;0.252742407545448
2008;Travel;7440.10;2938.78;0.421109052760746
2008;Construction;670.45;159.09;0.0379474152798272
2008;Insurance and pension services;104.74;207.99;0.0059282754514268
2008;Financial services;484.22;764.04;0.0274068124793764
2008;Intellectual property;46.65;365.47;0.00264038619256311
2008;Telecommunications and computers;816.17;828.74;0.0461951553865859
2008;Other business services;2480.71;1815.54;0.140407983531688
2008;Personal, cultural and recreational;201.88;382.18;0.0114263915231434
2008;Government;159.52;142.15;0.00902881898044303
