YEAR;Service;Credit;Debit;Weight
1997;Manufacturing services ;371.34;26.56;0.0505051329340145
1997;Maintenance and repair services;213.51;38.81;0.0290390233552578
1997;Transport;1158.55;1270.20;0.157571825714177
1997;Travel;4062.57;1817.75;0.552541169558192
1997;Construction;224.11;143.36;0.0304807059348359
1997;Insurance and pension services;39.85;70.26;0.00541991045247072
1997;Financial services;328.28;428.44;0.0446486374739545
1997;Intellectual property;20.89;250.18;0.00284120274409318
1997;Telecommunications and computers;261.41;232.81;0.0355537965214648
1997;Other business services;518.33;849.86;0.0704969180634667
1997;Personal, cultural and recreational;90.14;131.90;0.0122597422380354
1997;Government;63.54;218.29;0.00864193501003737
