YEAR;Service;Credit;Debit;Weight
1999;Manufacturing services ;356.14;33.83;0.0407089721138854
1999;Maintenance and repair services;175.19;37.27;0.0200252845078665
1999;Transport;1289.48;1505.12;0.147395421355122
1999;Travel;4957.60;2124.13;0.566683888784743
1999;Construction;165.26;120.65;0.0188902250001143
1999;Insurance and pension services;72.03;83.70;0.00823346790970733
1999;Financial services;530.12;259.61;0.0605959462487026
1999;Intellectual property;19.04;282.52;0.00217638801889251
1999;Telecommunications and computers;213.18;284.65;0.0243677729972429
1999;Other business services;759.58;1019.02;0.0868246224469734
1999;Personal, cultural and recreational;102.44;212.10;0.0117095162108902
1999;Government;108.38;243.41;0.0123884944058598
