YEAR;Service;Credit;Debit;Weight
2012;Manufacturing services ;356.38;28.97;0.0177632411859174
2012;Maintenance and repair services;402.60;226.09;0.0200670096566877
2012;Transport;5152.49;3008.58;0.256818347208114
2012;Travel;8605.54;2945.97;0.428930586887759
2012;Construction;561.50;101.42;0.0279871483413565
2012;Insurance and pension services;107.01;285.27;0.00533375733572317
2012;Financial services;432.14;601.66;0.0215393878615027
2012;Intellectual property;41.24;392.60;0.00205554763597069
2012;Telecommunications and computers;938.37;737.93;0.0467716836849131
2012;Other business services;2973.83;1700.27;0.148226217902006
2012;Personal, cultural and recreational;276.70;458.71;0.0137917078291244
2012;Government;214.99;81.07;0.010715862906337
