YEAR;Service;Credit;Debit;Weight
1996;Manufacturing services ;339.57;19.97;0.0510528705493931
1996;Maintenance and repair services;209.01;37.92;0.0314237431855837
1996;Transport;1027.34;1116.13;0.154456094561397
1996;Travel;3686.63;1763.32;0.554268763888179
1996;Construction;208.83;180.09;0.031396680969549
1996;Insurance and pension services;29.97;74.53;0.0045058589697715
1996;Financial services;298.78;426.25;0.044920271704649
1996;Intellectual property;13.08;210.37;0.00196652103185223
1996;Telecommunications and computers;227.57;201.45;0.0342141583500468
1996;Other business services;481.56;702.19;0.0724004486314036
1996;Personal, cultural and recreational;71.17;121.84;0.0107000995288168
1996;Government;57.84;237.86;0.00869599208580527
