YEAR;Service;Credit;Debit;Weight
2006;Manufacturing services ;411.16;36.05;0.0281726234402312
2006;Maintenance and repair services;388.93;141.85;0.0266494270712353
2006;Transport;3406.57;2291.76;0.233417681274415
2006;Travel;6671.94;2657.68;0.457160359071446
2006;Construction;441.46;107.04;0.0302487750362984
2006;Insurance and pension services;84.62;185.86;0.00579815010096401
2006;Financial services;320.67;547.96;0.0219722617924383
2006;Intellectual property;56.52;323.94;0.00387274218513928
2006;Telecommunications and computers;615.54;634.91;0.0421767113347599
2006;Other business services;1850.27;1421.50;0.126780231473773
2006;Personal, cultural and recreational;201.92;364.36;0.0138355290520758
2006;Government;144.72;220.14;0.00991619336577063
