YEAR;Service;Credit;Debit;Weight
2010;Manufacturing services ;267.39;20.64;0.0155252329307499
2010;Maintenance and repair services;360.36;217.63;0.0209232691533903
2010;Transport;4435.53;2824.33;0.257536319313845
2010;Travel;7601.27;2952.82;0.441345926622241
2010;Construction;517.10;94.60;0.0300239274037577
2010;Insurance and pension services;96.85;269.21;0.00562331728689602
2010;Financial services;299.24;774.69;0.0173745117700647
2010;Intellectual property;34.73;449.03;0.00201649777360763
2010;Telecommunications and computers;710.42;773.26;0.0412484983681638
2010;Other business services;2450.86;1839.28;0.142302151840599
2010;Personal, cultural and recreational;270.46;451.95;0.0157034836697356
2010;Government;178.72;92.78;0.0103768638669495
